eis facility id,site name,FRS_ID,FacilityName,FacilityID,Source
5720411,BASF CORPORATION,issues,issues,issues,issues
6662711,NORTHERN INDUSTRIES INC.,issues,issues,issues,issues
16153611,POLYWORKS LLC,issues,issues,issues,issues
6884211,Chemours - Belle,issues,issues,issues,issues
6885911,Covestro LLC - SOUTH CHARLESTON,issues,issues,issues,issues
5002111,ICL-North America Inc - GALLIPOLIS FERRY PLANT,issues,issues,issues,issues
6153211,Cytec Industries Inc. - Willow Island Plant,issues,issues,issues,issues
6616811,MPM SILICONES LLC SISTERSVILLE PLANT,issues,issues,issues,issues
6341211,BRASKEM AMERICA NEAL PLANT,issues,issues,issues,issues
8418011,BP-Husky Refining LLC (0448020007),issues,issues,issues,issues
14676411,"Third Dimension, Inc. (0204030449)",issues,issues,issues,issues
6352711,NOVA CHEMICALS INC (0243000012),issues,issues,issues,issues
7317711,Avantor Performance Materials Inc,issues,issues,issues,issues
7751411,Georgia Pacific Chemicals LLC (0125040904),issues,issues,issues,issues
7752111,"Plaskolite, LLC. (0125040915)",issues,issues,issues,issues
7996311,The Lubrizol Corporation (0243000024),issues,issues,issues,issues
8133011,LUBRIZOL ADVANCED MATERIALS (0247030004),issues,issues,issues,issues
8301111,3M Elyria (0247040822),issues,issues,issues,issues
13421611,Air Products & Chemicals Inc - Catlettsburg Hydrogen Plant,issues,issues,issues,issues
5213811,Lubrizol Advanced Materials Inc,issues,issues,issues,issues
4724811,BRASKEM AMER INC/MARCUS HOOK,issues,issues,issues,issues
3982311,EASTMAN CHEMICAL COMPANY,issues,issues,issues,issues
4041311,DAK AMERICAS LLC COLUMBIA SITE,issues,issues,issues,issues
4878911,DUPONT WASHINGTON WORKS,issues,issues,issues,issues
7938211,Vertellus Greensboro LLC,issues,issues,issues,issues
6194311,Lucite International  Inc,issues,issues,issues,issues
4963911,E  I  Dupont De Nemours & Company  Inc,issues,issues,issues,issues
7365311,Isp Chemicals Inc.,issues,issues,issues,issues
8134511,"DAK Americas, LLC",issues,issues,issues,issues
8006811,Georgia-Pacific Chemicals LLC - Conway,issues,issues,issues,issues
9533111,"PRAXAIR, INC",issues,issues,issues,issues
8158611,BASF CORP,issues,issues,issues,issues
8246211,Dow Silicones Corporation,issues,issues,issues,issues
8245611,MARATHON PETROLEUM COMPANY LP,issues,issues,issues,issues
7443711,Akcros Chemicals Inc.,issues,issues,issues,issues
7904911,ISP CHEMICALS,issues,issues,issues,issues
7049111,HYDRITE CHEMICAL CO,issues,issues,issues,issues
12804811,"Oxy Vinyls, LP",issues,issues,issues,issues
7351811,Monument Chemical Kentucky LLC,issues,issues,issues,issues
7951611,"Kordsa, Inc.",issues,issues,issues,issues
8135311,Hexion Inc. - Fayetteville Facility,issues,issues,issues,issues
8069011,FMC Lithium USA Corp.,issues,issues,issues,issues
8446411,"CNA Holdings, LLC - Shelby",issues,issues,issues,issues
8095511,"COIM USA, Inc",issues,issues,issues,issues
999411,Indorama Ventures Xylenes & PTA LLC,issues,issues,issues,issues
8007011,Lima Refining Company (0302020012),issues,issues,issues,issues
16535711,"Matheson Tri-Gas, Inc. (0302020242)",issues,issues,issues,issues
16535811,"Matheson Tri-Gas, Inc. (0302020334)",issues,issues,issues,issues
7319811,"Toledo Refining Company, LLC. (0448010246)",issues,issues,issues,issues
14712111,Andersons Marathon Ethanol LLC (0819750245),issues,issues,issues,issues
8357311,Research Organics LLC dba SAFC (1318172081),issues,issues,issues,issues
13418711,Owensboro Grain Biodiesel LLC,issues,issues,issues,issues
2491711,TAMINCO US LLC,issues,issues,issues,issues
827511,REICHHOLD LLC 2,issues,issues,issues,issues
717911,"AOC, L.L.C.",issues,issues,issues,issues
3882811,FEDCHEM LLC/BETHLEHEM,issues,issues,issues,issues
7874511,MONROE ENERGY LLC/TRAINER,issues,issues,issues,issues
3906111,PALMER INTL INC/SKIPPACK,issues,issues,issues,issues
4701311,ALBEMARLE/TYRONE QUALITY CHEM,issues,issues,issues,issues
16849011,PVS STEEL SVC INC/ALLENPORT PLT,issues,issues,issues,issues
6532511,AMER REF GROUP/BRADFORD,issues,issues,issues,issues
5782311,UNION CARBIDE CORP -SO CHARLESTON FAC.,issues,issues,issues,issues
6884411,UNION CARBIDE CORPORATION-INSTITUTE,issues,issues,issues,issues
6785311,3M - Cottage Grove - Bldg 133/Traffic Safety,issues,issues,issues,issues
9231111,Church & Dwight Co. (0374000022),issues,issues,issues,issues
7258411,GEORGIA PACIFIC CHEMICALS LLC,issues,issues,issues,issues
13572511,PPG Industries - Resin (0165010145),issues,issues,issues,issues
8338311,"PET Processors, L.L.C. (0243000165)",issues,issues,issues,issues
8149411,The Lubrizol Corporation - Wickliffe Facility (0243150025),issues,issues,issues,issues
6372611,BASF Corporation (0247040195),issues,issues,issues,issues
6547611,TWIN RIVERS TECHNOLOGIES MANUFACTURING C,issues,issues,issues,issues
5708111,AW CHESTERTON CO,issues,issues,issues,issues
8096511,"Westlake Vinyls, Inc - PVC Plant",issues,issues,issues,issues
6050611,Four Rivers Nuclear Partnership LLC - Paducah Gaseous Diffusion Plant,issues,issues,issues,issues
10617511,Nouryon Surface Chemistry LLC - Salisbury Plant,issues,issues,issues,issues
7751111,CAPITAL RESIN CORP (0125040238),issues,issues,issues,issues
7311911,Polymer Additives Inc.,issues,issues,issues,issues
7391911,Thermo Fisher Scientific Incorporated,issues,issues,issues,issues
7201411,CPI Operations LLC,issues,issues,issues,issues
5656411,"ALDRICH CHEMICAL COMPANY, LLC (dba MilliporeSigma)",issues,issues,issues,issues
7200811,"SOLVAY SPECIALTY POLYMERS USA, LLC",issues,issues,issues,issues
9329111,"Chemol Company, Inc.",issues,issues,issues,issues
15618111,Oak-Bark Corporation,issues,issues,issues,issues
4210311,"Alpha Resins, LLC",issues,issues,issues,issues
557011,Renessenz LLC,issues,issues,issues,issues
7195111,Firmenich Incorporated,issues,issues,issues,issues
7904511,"AVANTOR PERFORMANCE MATERIALS, LLC",issues,issues,issues,issues
8095111,"ELAN CHEMICAL CO., INC.",issues,issues,issues,issues
7311411,Deltech Resin Company,issues,issues,issues,issues
8173911,Mexichem - Specialty Resins Inc.,issues,issues,issues,issues
7989411,SYNRAY CORPORATION,issues,issues,issues,issues
7030411,Arkema Inc,issues,issues,issues,issues
1000111,Continental Carbon Company,issues,issues,issues,issues
13573011,Marathon Petroleum Company LP - Canton Refinery (1576002006),issues,issues,issues,issues
14732011,OMNOVA Solutions Inc. (1667000007),issues,issues,issues,issues
7414611,Arkema Coating Resins,issues,issues,issues,issues
2277911,Hexion Inc,issues,issues,issues,issues
8263111,"Perstorp Polyols, Inc. (0448010133)",issues,issues,issues,issues
14699311,"Three Rivers Energy, LLC (0616010087)",issues,issues,issues,issues
7769111,"Kraton Chemical, LLC (0679010013)",issues,issues,issues,issues
15494211,Dover Chemical Corp (0679010132),issues,issues,issues,issues
8222511,Marathon Petroleum Co LLC,issues,issues,issues,issues
4950811,ADVANSIX INC,issues,issues,issues,issues
6652211,PHILA ENERGY SOL REF/ PES,issues,issues,issues,issues
3873911,PUROLITE INC/MFG CHEM,issues,issues,issues,issues
8123911,MOMENTIVE PERFORMANCE MATERIALS,issues,issues,issues,issues
9269411,LRBG Chemicals (USA) Inc. (0448010370),issues,issues,issues,issues
9308811,ISP (0302020343),issues,issues,issues,issues
8159211,OMNOVA SOLUTIONS INC,issues,issues,issues,issues
8510111,MACE POLYMERS & ADDITIVES INC,issues,issues,issues,issues
14519711,ASPEN AEROGELS INC,issues,issues,issues,issues
5201411,Wacker Chemical Corporation,issues,issues,issues,issues
8481311,Archer Daniels Midland Company,issues,issues,issues,issues
8422811,"Fortron Industries, LLC",issues,issues,issues,issues
14647911,"STI Polymer, Inc.",issues,issues,issues,issues
7444611,LANXESS SOLUTIONS US INC,issues,issues,issues,issues
8129411,VERTELLUS ZEELAND LLC,issues,issues,issues,issues
8125411,Michigan State University - Bioeconomy Institute,issues,issues,issues,issues
5832311,Carbide Industries LLC,issues,issues,issues,issues
7368011,Hexion Inc.,issues,issues,issues,issues
7353111,"Clariant Corporation, Louisville West Plant",issues,issues,issues,issues
8124811,LANXESS Corporation,issues,issues,issues,issues
8133811,Grace Davison Edison Facility,issues,issues,issues,issues
7311711,ELEMENTIS SPECIALTIES,issues,issues,issues,issues
7701611,Coim USA Inc.,issues,issues,issues,issues
7426111,LANXESS Solutions US Inc.,issues,issues,issues,issues
7992711,CHEMOURS-CHAMBERS WORKS,issues,issues,issues,issues
10720911,REG Albert Lea LLC,issues,issues,issues,issues
1020111,SABIC Innovative Plastics US LLC,issues,issues,issues,issues
1028811,"Total Petrochemical and Refining USA, Inc.",issues,issues,issues,issues
1061411,Shell Chemical LP,issues,issues,issues,issues
1062111,U.S. Amines (Bucks) LLC,issues,issues,issues,issues
1072711,INEOS Phenol,issues,issues,issues,issues
5769011,Honeywell International Inc - Hopewell,issues,issues,issues,issues
8083511,SOLUTIA INC,issues,issues,issues,issues
7347711,BASF CORP,issues,issues,issues,issues
8209511,Polynt Composites USA Inc,issues,issues,issues,issues
4698811,Carus Chemical Co,issues,issues,issues,issues
5431611,Flint Hills Resources Peru LLC,issues,issues,issues,issues
8008211,INEOS ABS (USA) Corporation (1431010054),issues,issues,issues,issues
2439711,"DuPont Nutrition USA, Inc.",issues,issues,issues,issues
966211,Occidental Chemical Corporation,issues,issues,issues,issues
1029011,Huntsman Advanced Materials,issues,issues,issues,issues
1062311,Arkema Inc,issues,issues,issues,issues
1062611,UOP LLC,issues,issues,issues,issues
6055711,Dart Polymer Inc,issues,issues,issues,issues
8222111,Rohm & Haas Chemical LLC,issues,issues,issues,issues
13638711,MADISON INDUSTRIES INC,issues,issues,issues,issues
7442311,OLD BRIDGE CHEMICALS INC,issues,issues,issues,issues
8242311,DUREZ NIAGARA,issues,issues,issues,issues
640111,"SYMRISE, INC.",issues,issues,issues,issues
7904811,DuPont Chambers Works,issues,issues,issues,issues
8302111,Chemtrade Refinery Solutions Limited Partnership (0448020014),issues,issues,issues,issues
8227011,Honeywell International  (Burdick & Jackson),issues,issues,issues,issues
8450111,"American Centrifuge Operating, LLC (0666000000)",issues,issues,issues,issues
6041011,Ticona Polymers Inc.,issues,issues,issues,issues
7923311,Elementis Chromium,issues,issues,issues,issues
8068411,"Novozymes North America, Inc.",issues,issues,issues,issues
8484111,AXIALL LLC,issues,issues,issues,issues
5721411,Atofina Chemicals  Inc,issues,issues,issues,issues
8371411,"Clariant Corporation, Louisville South Plant",issues,issues,issues,issues
10695411,Chemours Company,issues,issues,issues,issues
9613011,"Allnex USA Inc. (was Nuplex Resins, LLC)",issues,issues,issues,issues
7492211,Calgon Carbon Corporation,issues,issues,issues,issues
15485811,Fluor-BWXT Portsmouth LLC (0666005004),issues,issues,issues,issues
9212811,"Americas Styrenics, LLC (0684020001)",issues,issues,issues,issues
15024311,TEDIA COMPANY INC (1409030683),issues,issues,issues,issues
8003811,"INEOS Composites US, LLC",issues,issues,issues,issues
658111,"Allnex USA, Inc formerly CYTEC INDUSTRIES INC",issues,issues,issues,issues
15588411,"AMERICAS STYRENICS, LLC",issues,issues,issues,issues
15588511,"Trinseo, LLC - Allyns Point",issues,issues,issues,issues
15588611,Roehm America LLC,issues,issues,issues,issues
7161711,Hawkins Inc,issues,issues,issues,issues
6963511,Hawkins - Terminal 1,issues,issues,issues,issues
869411,"MDA Manufacturing, Inc.",issues,issues,issues,issues
948911,Daikin America Inc,issues,issues,issues,issues
2707611,H Krevit & Company Inc,issues,issues,issues,issues
2311111,"ARRMAZ PRODUCTS, L.P.",issues,issues,issues,issues
920111,HEXION INC.,issues,issues,issues,issues
15496111,Cherokee Brick & Tile Company,issues,issues,issues,issues
8499811,Dow Chemical Co,issues,issues,issues,issues
3349911,HB Fuller Adhesives LLC,issues,issues,issues,issues
7790811,Reichhold LLC 2,issues,issues,issues,issues
7363311,3M Cordova,issues,issues,issues,issues
4747011,DSM NeoResins Inc,issues,issues,issues,issues
8447711,Hexion Inc. - Acme Operations,issues,issues,issues,issues
4589911,Aeropress Corp,issues,issues,issues,issues
16856611,Silar LLC (dba Silar Laboratories),issues,issues,issues,issues
8390811,Metallix Refining Inc.,issues,issues,issues,issues
7339111,SABIC Innovative Plastics US LLC,issues,issues,issues,issues
13571611,INEOS Nitriles USA LLC (0302020371),issues,issues,issues,issues
8090311,OCCIDENTAL CHEMICAL CORP - NIAGARA PLANT,issues,issues,issues,issues
6868311,DuPont Teijin Films,issues,issues,issues,issues
7364611,SABIC Innovative Plastics Mt Vernon LLC,issues,issues,issues,issues
7209911,GENERAL CHEMICAL LLC,issues,issues,issues,issues
6628011,INDUSOL INCORPORATED,issues,issues,issues,issues
7279711,DSM COATING RESINS INC,issues,issues,issues,issues
5821011,SILBOND CORP,issues,issues,issues,issues
8112011,Occidental Chemical Corporation,issues,issues,issues,issues
8109611,Interplastic Corp,issues,issues,issues,issues
8096711,Sekisui Specialty Chemicals America LLC,issues,issues,issues,issues
8150311,"Tate & Lyle, Dayton (0857041333)",issues,issues,issues,issues
7783211,Day-Glo Color Corp. (1318006552),issues,issues,issues,issues
7237011,ISP FREETOWN FINE CHEMICALS,issues,issues,issues,issues
8095611,PMC Organometallix Inc,issues,issues,issues,issues
14690911,"POET Biorefining - Marion, LLC (0351010207)",issues,issues,issues,issues
9177911,CELANESE EMULSIONS ENOREE PLT,issues,issues,issues,issues
4952811,DAK AMERICAS LLC COOPER RIVER PLANT,issues,issues,issues,issues
4762511,WEYLCHEM US INC,issues,issues,issues,issues
3965211,LANXESS CORPORATION,issues,issues,issues,issues
7355711,SABIC INNOVATIVE PLASTICS US LLC,issues,issues,issues,issues
5213711,Cymetech Corporation,issues,issues,issues,issues
15544311,Mid-America Conversion Services LLC - Depleted Uranium Hexafluoride Conversion,issues,issues,issues,issues
7407911,CALGON CARBON CORP/NEVILLE ISLAND PLT,issues,issues,issues,issues
6596911,EASTMAN CHEM RESINS INC/JEFFERSON SITE,issues,issues,issues,issues
15658311,EASTMAN CHEMICAL COMPANY SC OPERATIONS,issues,issues,issues,issues
7970511,"Pentair Water Pool and Spa, Inc.",issues,issues,issues,issues
7717911,SOLENIS LLC,issues,issues,issues,issues
946711,SNF - Riceboro,issues,issues,issues,issues
949911,Evonik Corporation,issues,issues,issues,issues
4690811,"Cathay Pigments (USA), Inc.",issues,issues,issues,issues
7957811,"AOC, LLC",issues,issues,issues,issues
7235411,WATERS CORP,issues,issues,issues,issues
7236411,SOLUTIA INC,issues,issues,issues,issues
16829411,CENTROME INC T/A ADVANCED BIOTECH,issues,issues,issues,issues
7366811,Arkema Inc,issues,issues,issues,issues
10617211,"Wilbara, LLC",issues,issues,issues,issues
4664911,Nanophase Technologies Corp,issues,issues,issues,issues
7360711,Exxon Mobil Oil Corp,issues,issues,issues,issues
14608311,Americas Styrenics LLC,issues,issues,issues,issues
4966511,MITSUBISHI POLYESTER FILM INC,issues,issues,issues,issues
8130611,Orion Engineered Carbons LLC (0684010049),issues,issues,issues,issues
8131211,"Solvay Specialty Polymers USA, L.L.C. (0684020008)",issues,issues,issues,issues
13572111,Americas Styrenics (0744000173),issues,issues,issues,issues
6127511,Superior Composites Co LLC,issues,issues,issues,issues
4967211,MILLIKEN & CO CHEMICAL ALLEN PLANT,issues,issues,issues,issues
7274711,DAK AMERICAS MISSISSIPPI INC,issues,issues,issues,issues
4714111,NEVILLE CHEM CO/PGH,issues,issues,issues,issues
9570811,PREFERE MELAMINES LLC,issues,issues,issues,issues
6096411,Veolia North America Regeneration Services LLC,issues,issues,issues,issues
552911,Chemical Products Corporation,issues,issues,issues,issues
8507411,Henkel US Operations Corporation,issues,issues,issues,issues
16603511,"Carolina Casting, Inc.",issues,issues,issues,issues
7479711,PRAXAIR INC,issues,issues,issues,issues
16830711,Kelley Green Biofuel Kentucky LLC,issues,issues,issues,issues
589611,HAMPFORD RESEARCH INC,issues,issues,issues,issues
7779911,CABOT CORPORATION,issues,issues,issues,issues
8394011,"Veolia North America Regeneration Services, LLC (1431350817)",issues,issues,issues,issues
8095211,Sunoco Inc (R&M) Eagle Point Facility,issues,issues,issues,issues
12805211,"Equistar Chemicals, LP",issues,issues,issues,issues
7443111,Ashland Specialty Ingredients,issues,issues,issues,issues
7366011,Custom Resins Inc,issues,issues,issues,issues
6131111,Evonik Corporation,issues,issues,issues,issues
7718011,Eastman Specialties Corporation,issues,issues,issues,issues
7743511,Wabash Valley Resources LLC,issues,issues,issues,issues
15089211,AlphaPet Inc,issues,issues,issues,issues
7873211,PPG IND/CHEM TECH CTR,issues,issues,issues,issues
4714411,PRESSURE CHEM CO/PGH,issues,issues,issues,issues
7240011,CHEMIPLASTICA,issues,issues,issues,issues
7839011,Resinall Mississippi Inc,issues,issues,issues,issues
8370811,Lubrizol Advanced Materials,issues,issues,issues,issues
534011,FORMOSA PLASTICS CORPORATION,issues,issues,issues,issues
17125511,LINDE LLC,issues,issues,issues,issues
4183511,Nouryon Chemicals LLC - Howard Expancel Facility,issues,issues,issues,issues
4621011,Mexichem Specialty Resins Inc,issues,issues,issues,issues
4737111,Air Prods  & Chemicals Inc   Specialty Gas Div,issues,issues,issues,issues
4798111,Olin Corporation,issues,issues,issues,issues
4864411,Superior Refining Company LLC,issues,issues,issues,issues
5610711,Prince Specialty Products LLC (formerly Prince Erachem Inc.),issues,issues,issues,issues
5747311,Honeywell Resins and Chemicals LLC,issues,issues,issues,issues
7350211,"Rohm & Haas Kentucky, Inc.",issues,issues,issues,issues
7439411,Hovensa L L C,issues,issues,issues,issues
13437011,PPG - South Plant (1677020162),issues,issues,issues,issues
13471711,PPG - North Plant (1677020163),issues,issues,issues,issues
6111111,Miller Waste Mills Inc dba RTP Company,issues,issues,issues,issues
5522911,Amfine Chemical Corp,issues,issues,issues,issues
7366911,Evonik Corporation,issues,issues,issues,issues
9769411,SB Boron Corp,issues,issues,issues,issues
10691811,Solvay USA Inc,issues,issues,issues,issues
3038811,CARPENTER CO/UPPER MACUNGIE,issues,issues,issues,issues
3880111,SASOL CHEMICALS (USA) LLC,issues,issues,issues,issues
13431911,Toledo Refining Company LLC - WWTU (0448020080),issues,issues,issues,issues
15457211,Cook Polymer Technologies Canton,issues,issues,issues,issues
15466511,UV Specialties LLC,issues,issues,issues,issues
7792011,BASF Corp,issues,issues,issues,issues
10822611,REG Seneca LLC,issues,issues,issues,issues
8490711,"Trinity Manufacturing, Inc.",issues,issues,issues,issues
6772511,3M - Cottage Grove - Utilities/Support Svcs,issues,issues,issues,issues
5860111,"USALCO, LLC",issues,issues,issues,issues
7759111,HUNTSMAN ADVANCED MATERIALS AMERICAS LLC,issues,issues,issues,issues
7635711,SAFAS CORPORATION,issues,issues,issues,issues
8091711,ARCH CHEMICALS INC,issues,issues,issues,issues
8090111,GOODYEAR CHEM PLANT,issues,issues,issues,issues
8436611,Hampshire Chemical Corp/Evans Chemetics,issues,issues,issues,issues
8166811,"Powerlab, Inc.",issues,issues,issues,issues
8282511,"Rohm and Haas Chemicals, LLC",issues,issues,issues,issues
16613811,Messer LLC,issues,issues,issues,issues
10552711,Linde Gas North America LLC,issues,issues,issues,issues
10863811,Air Products & Chemicals Inc,issues,issues,issues,issues
5456011,PQ CORP/CHESTER,issues,issues,issues,issues
554311,"DSM Chemicals North America, Inc.",issues,issues,issues,issues
7242711,Olin Corp,issues,issues,issues,issues
770211,"IFF CHEMICAL HOLDINGS, INC.",issues,issues,issues,issues
7873611,SUNOCO LLC/MH RACE FUELS,issues,issues,issues,issues
7946911,W. R. Grace - Co. - Conn.,issues,issues,issues,issues
8109411,Estron Chemical Inc,issues,issues,issues,issues
8094611,POLYURETHANE SPECIALTIES CO.,issues,issues,issues,issues
7592811,KUEHNE CHEMICAL COMPANY INC.,issues,issues,issues,issues
7592111,SARVETNICK INDUSTRIES,issues,issues,issues,issues
14399911,LUBRIZOL ADVANCED MATERIALS INC,issues,issues,issues,issues
14396611,KEYSTONE RESEARCH & DEVELOPMENT,issues,issues,issues,issues
7634511,"Scientific Design Co., Inc.",issues,issues,issues,issues
8381911,H.B. Fuller Co. (1431052206),issues,issues,issues,issues
14723311,"Solvay USA, Inc. (1431070001)",issues,issues,issues,issues
4558411,Engineered Polymer Solutions Inc,issues,issues,issues,issues
10832011,Lake Erie Biofuels LLC dba HeroBX,issues,issues,issues,issues
2843211,AURIGA POLYMERS INC,issues,issues,issues,issues
4143711,Wm Barr,issues,issues,issues,issues
4979611,BASF CORPORATION,issues,issues,issues,issues
13715611,Commonwealth Agri-Energy LLC,issues,issues,issues,issues
8105111,SABIC INNOVATIVE PLASTICS US LLC,issues,issues,issues,issues
8107111,SI GROUP INC /ROTT JCT FAC,issues,issues,issues,issues
924811,Solutia Inc,issues,issues,issues,issues
9260911,StarPet Inc.,issues,issues,issues,issues
5857311,P Q Corporation,issues,issues,issues,issues
7914111,Allnex USA Inc,issues,issues,issues,issues
7740311,"Cincinnati Renewable Fuels, LLC (1431074118)",issues,issues,issues,issues
8402911,SPLASH PRODUCTS INC,issues,issues,issues,issues
8143311,ROHM AND HAAS ELECTRONIC MATERIALS LLC,issues,issues,issues,issues
7338811,Solutia Inc,issues,issues,issues,issues
10861911,DDP Specialty Electronics Materials US,issues,issues,issues,issues
3899211,GEO SPECIALTY CHEM/TRIMET PROD GROUP,issues,issues,issues,issues
8016211,"Criterion Catalysts and Technologies, L",issues,issues,issues,issues
6295211,Interplastic Corp - Minneapolis Plant,issues,issues,issues,issues
6200811,Specialty Minerals Inc,issues,issues,issues,issues
6511711,SOLENIS LLC,issues,issues,issues,issues
7660611,"Genencor International Wisconsin, Inc.",issues,issues,issues,issues
560811,CHEMTURA CORP,issues,issues,issues,issues
982911,ARICHEM LLC,issues,issues,issues,issues
8189011,WR Grace,issues,issues,issues,issues
3359411,Cargill Inc,issues,issues,issues,issues
16540311,"LINDE GAS NORTH AMERICA, LLC (0448020085)",issues,issues,issues,issues
2547911,Solvay Advanced Polymers L LC,issues,issues,issues,issues
8335011,"Lamberti Synthesis USA, Inc.",issues,issues,issues,issues
13428511,Calgon Carbon Corp. (0125040716),issues,issues,issues,issues
13471811,PPG - Teslin (1677020164),issues,issues,issues,issues
3979611,Chemtrade Solutions LLC,issues,issues,issues,issues
8285811,"DDP Specialty Electronic Materials US 9, LLC",issues,issues,issues,issues
16985011,"Trans Carolina Products, LLC",issues,issues,issues,issues
8162411,Anderson Development Company,issues,issues,issues,issues
7328411,OMNOVA Solutions Inc. (1677010195),issues,issues,issues,issues
2919411,ARKEMA ALTUGLAS/BRISTOL TWP,issues,issues,issues,issues
3895211,FLEXSYS AMER LTD PAR/MONONGAHELA,issues,issues,issues,issues
4102411,INOLEX CHEM CO/PHILA,issues,issues,issues,issues
866511,All Plastics & Fiberglass Inc,issues,issues,issues,issues
8117111,Ashta Chemicals Inc. (0204010056),issues,issues,issues,issues
7945111,Hexion Inc. - Morganton,issues,issues,issues,issues
17021611,Prayon Inc.,issues,issues,issues,issues
9326811,"Alberdingk Boley, Inc.",issues,issues,issues,issues
12793911,LAKE ERIE BIOFUELS LLC/ERIE,issues,issues,issues,issues
15077311,MONTGOMERY CHEM LTD/CONSHOHOCKEN,issues,issues,issues,issues
5867411,THERMO FISHER SCIENTIFIC,issues,issues,issues,issues
6254211,Tate & Lyle Ingredients Americas LLC,issues,issues,issues,issues
7748911,Flow Polymers Inc,issues,issues,issues,issues
9270311,Promerus Llc,issues,issues,issues,issues
5308411,Esschem Inc,issues,issues,issues,issues
3410411,BASF Corp  Clemson Site,issues,issues,issues,issues
750711,REICHHOLD LLC 2,issues,issues,issues,issues
3426411,SPECIALTY MINERALS,issues,issues,issues,issues
17024411,"Arclin USA, LLC",issues,issues,issues,issues
6654411,BASF Corporation (Plant #2),issues,issues,issues,issues
17068811,Rational Energies,issues,issues,issues,issues
8423911,Resinall Corp Severn Plt,issues,issues,issues,issues
13598511,Heron Lake BioEnergy LLC,issues,issues,issues,issues
7886611,"Arkema, Inc.",issues,issues,issues,issues
7349911,Owensboro Specialty Polymers Inc.,issues,issues,issues,issues
8071011,LANXESS Solutions US Inc.,issues,issues,issues,issues
14975711,Tronox plc,issues,issues,issues,issues
15032411,"HERITAGE-CRYSTAL CLEAN, LLC",issues,issues,issues,issues
8106611,HK Research Corporation,issues,issues,issues,issues
8071111,"Lubrizol Advanced Materials, Inc.",issues,issues,issues,issues
7233211,"Southern Resin, Inc.",issues,issues,issues,issues
8004211,ARKEMA INC/WEST CHESTER,issues,issues,issues,issues
17053011,STARCHEM LLC,issues,issues,issues,issues
17055211,TRINSEO LLC-MI OPERATIONS,issues,issues,issues,issues
17072811,Southern Melting Products Inc.,issues,issues,issues,issues
4779211,CHEMTRADE PERFORMANCE CHEMICALS US LLC,issues,issues,issues,issues
8511611,"American Distillation, Inc.",issues,issues,issues,issues
5677211,SPECIALTY MINERALS INC,issues,issues,issues,issues
6786211,Western Refining Terminals LLC - Cottage Grove,issues,issues,issues,issues
17127811,MATHESON TRI GAS/UPPER HANOVER,issues,issues,issues,issues
7994711,ARKEMA INC,issues,issues,issues,issues
5418111,ADM Development Products,issues,issues,issues,issues
3963111,Hexion Inc,issues,issues,issues,issues
15565411,"Advanced Composites, Inc.",issues,issues,issues,issues
8101611,Chemtrade Logistics Inc (0302000001),issues,issues,issues,issues
6561311,"R.B.C. INDUSTRIES, INC.",issues,issues,issues,issues
18039411,AM STABILIZERS CORP,issues,issues,issues,issues
17634211,Chemours Washington Works,issues,issues,issues,issues
16975911,"CIL ISOTOPE SEPARATIONS, INC. (0829100409)",issues,issues,issues,issues
16808011,"ALDRICH CHEMICAL COMPANY, LLC (0857781883)",issues,issues,issues,issues
5015111,PQ Corp,issues,issues,issues,issues
5545111,PARTS CLEANING TECHNOLOGIES LLC,issues,issues,issues,issues
5721611,W. R. Grace & Co.,issues,issues,issues,issues
7340411,Solvay Fluorides LLC,issues,issues,issues,issues
533411,Total Petrochemical and Refining,issues,issues,issues,issues
2777511,"SIVANCE, LLC",issues,issues,issues,issues
6903611,Arkema Inc,issues,issues,issues,issues
17890511,Lubrimetal Corporation,issues,issues,issues,issues
8088811,INEOS Styrolution America LLC,issues,issues,issues,issues
17934611,KEMIRA CHEMICALS INC EASTOVER,issues,issues,issues,issues
17945411,"Potters Industries, Inc. - Q-Cel Facility",issues,issues,issues,issues
930611,Savannah Acid Plant LLC,issues,issues,issues,issues
7958111,Venator Chemicals LLC,issues,issues,issues,issues
929611,Ashland LLC,issues,issues,issues,issues
7411311,Cabot Corp,issues,issues,issues,issues
2749811,Air Products And Chemicals Inc,issues,issues,issues,issues
8104711,3M TONAWANDA,issues,issues,issues,issues
5795411,Dupont De Nemours E I & Company Inc James River Pl,issues,issues,issues,issues
6194011,Accella Polyurethane Systems LLC,issues,issues,issues,issues
18100711,Westlake Chemical OpCo LP,issues,issues,issues,issues
5768911,Hercules Inc Aqualon Div,issues,issues,issues,issues
4195011,Plains Marketing LP Yorktown,issues,issues,issues,issues
17622611,ST JUDE MEDICAL PUERTO RICO LLC,issues,issues,issues,issues
4107911,PQ Corp,issues,issues,issues,issues
9552811,"HUNTSMAN ADVANCED MATERIALS AMERICAS, LLC.",issues,issues,issues,issues
18099911,Dr Schneider Automotive Systems,issues,issues,issues,issues
8125211,Allnex USA Inc.,issues,issues,issues,issues
7984111,"GEORGIA PACIFIC CHEMICALS LLC, TAYLORSVI",issues,issues,issues,issues
554411,"Pinova, Inc.",issues,issues,issues,issues
17955111,EUROFINS GENOMICS LLC,issues,issues,issues,issues
18034011,EVER CAT FUELS LLC,issues,issues,issues,issues
6916611,DIC IMAGING PRODUCTS USA INC,issues,issues,issues,issues
17882611,Cayman Chemical Co.,issues,issues,issues,issues
7752311,GFS CHEMICALS INC (0125040109),issues,issues,issues,issues
17929211,Optima Belle,issues,issues,issues,issues
17883511,W2Fuel LLC,issues,issues,issues,issues
9180611,KEMIRA CHEMICALS INC EASTOVER,issues,issues,issues,issues
6820811,Dow Corning Corp  Healthcare Inds  Materials Site,issues,issues,issues,issues
7290111,"Linde LLC, Andrew Chapel Road Facility",issues,issues,issues,issues
7480511,Noveon Inc,issues,issues,issues,issues
6531911,BASF CORPORATION/ERIE,issues,issues,issues,issues
17772111,E.I. du Pont,issues,issues,issues,issues
6420311,MATERION ADVANCED CHEMICALS INC,issues,issues,issues,issues
9798011,Chemical Formulators Inc,issues,issues,issues,issues
3854111,NOVA CHEM CO/BEAVER,issues,issues,issues,issues
8141211,BASF CORP/MONACA PLT,issues,issues,issues,issues
7317511,Regis Technologies Inc,issues,issues,issues,issues
4535711,Matheson Trigas Inc,issues,issues,issues,issues
4771011,CHEMDESIGN PRODUCTS INC,issues,issues,issues,issues
6699911,U S  Amines (Portsmouth) L L C,issues,issues,issues,issues
6633811,Evonik Goldshmidt Corp,issues,issues,issues,issues
12798611,BIMAX INC/SPRINGFIELD,issues,issues,issues,issues
6661811,SUNOCO PARTNERS MKT & TERM LP/DARBY CREEK TANK FARM,issues,issues,issues,issues
8004411,ROHM & HAAS CO/BRISTOL,issues,issues,issues,issues
5889711,Millennium Fuels II,issues,issues,issues,issues
4649711,MRC Polymers Inc,issues,issues,issues,issues
4719611,Quaker City Chemicals Inc,issues,issues,issues,issues
8425011,ENERGIZER BATTERY MANUFACTURING INC,issues,issues,issues,issues
3212711,KA Steel Chemicals Inc,issues,issues,issues,issues
8191111,Messer LLC,issues,issues,issues,issues
4964711,Nouryon Surface Chemistry LLC,issues,issues,issues,issues
7984511,Ashland Specialty Chemical Co,issues,issues,issues,issues
8267311,Du Pont Toledo Plant,issues,issues,issues,issues
8263011,Dynea Usa Inc,issues,issues,issues,issues
7243011,Niacet Corp,issues,issues,issues,issues
5952811,PENINSULA COPPER INDUSTRIES INC,issues,issues,issues,issues
6579911,Interpolymer Corp,issues,issues,issues,issues
7350111,Arkema dba Altuglas,issues,issues,issues,issues
3969311,Airgas USA LLC,issues,issues,issues,issues
3955011,Messer LLC,issues,issues,issues,issues
2547811,Olin Corp,issues,issues,issues,issues
2547311,DSM Resins U S  Inc,issues,issues,issues,issues
2687111,H  B  Fuller Co,issues,issues,issues,issues
1029311,Olin Corp,issues,issues,issues,issues
870311,Nova Chemicals Inc,issues,issues,issues,issues
866911,KEMIRA WATER SOLUTIONS INC,issues,issues,issues,issues
969211,ISP Chemicals Inc,issues,issues,issues,issues
2664211,Slide Products Inc,issues,issues,issues,issues
4725811,Norquay Tech  Inc,issues,issues,issues,issues
8117011,"DETREX CORPORATION, ASHTABULA PLANT (0204010192)",issues,issues,issues,issues
8104311,GABRIEL PERFORMANCE PRODUCTS LLC (0204010198),issues,issues,issues,issues
7811511,Islechem L L C,issues,issues,issues,issues
7981011,Cytec Olean Inc,issues,issues,issues,issues
3678011,Southern States Phosphate & Fertilizer,issues,issues,issues,issues
2805711,KEMIRA CHEMICALS INC - COLUMBUS PLANT,issues,issues,issues,issues
968311,Dynea Usa Inc,issues,issues,issues,issues
966811,Boc Gases,issues,issues,issues,issues
966011,Morgan Inc,issues,issues,issues,issues
7315311,Innophos Inc,issues,issues,issues,issues
4503111,Diversified CPC International Inc,issues,issues,issues,issues
7762511,VANDEMARK CHEMICAL INC,issues,issues,issues,issues
8102511,FORT AMANDA SPECIALTIES LLC,issues,issues,issues,issues
14714211,DuPont Electronic Polymers L.P. (0857040727),issues,issues,issues,issues
8373011,Miami Prods  & Chemical Co,issues,issues,issues,issues
8431611,Dynea Usa Inc,issues,issues,issues,issues
8511311,Coatings and Adhesives Corporation,issues,issues,issues,issues
4466911,Occidental Chemical Corp  Sauget Plant,issues,issues,issues,issues
5012511,PQ Corp,issues,issues,issues,issues
3977711,Praxair Inc,issues,issues,issues,issues
2310211,Graves Spray Supply,issues,issues,issues,issues
2802411,Arizona Chemical,issues,issues,issues,issues
5884811,Danchem Technologies Inc,issues,issues,issues,issues
7473511,Arkema Inc,issues,issues,issues,issues
7473211,Cook Composites & Polymers Co,issues,issues,issues,issues
5084211,Wako Chemicals USA Inc,issues,issues,issues,issues
2859411,Lindau Chemicals Inc,issues,issues,issues,issues
7126311,ORTEC:EASLEY,issues,issues,issues,issues
4143311,Gulbrandsen Mfg,issues,issues,issues,issues
8362711,Ferro Corp  Walton Hills Ops,issues,issues,issues,issues
8288211,Durez Corp,issues,issues,issues,issues
7937511,"PMC Specialties Group, Inc. (1431390137)",issues,issues,issues,issues
8366311,SHEPHERD CHEMICAL CO (1431370150),issues,issues,issues,issues
7416811,EI DUPONT DE NEMOURS & CO INC NIAGARA FALLS PLANT,issues,issues,issues,issues
8502711,PVS CHEMICALS,issues,issues,issues,issues
2635111,Nanophase Technologies Corp,issues,issues,issues,issues
2606611,Omnova Solutions Inc,issues,issues,issues,issues
2738911,Rsa Corp,issues,issues,issues,issues
2738811,Bedoukian Research Inc,issues,issues,issues,issues
7290211,"Airgas Carbonic Inc, Star Plant",issues,issues,issues,issues
8334511,Dow,issues,issues,issues,issues
2897211,ROCKWOOD LITHIUM INC.,issues,issues,issues,issues
5610911,"Nippon Shokubai America Industries, Inc.",issues,issues,issues,issues
2930511,G2O Technologies LLC,issues,issues,issues,issues
5722911,"CYTEC INDUSTRIES, INC.",issues,issues,issues,issues
7900011,MOMENTIVE SPECIALTY CHEMICALS INC - MOREAU FACILITY,issues,issues,issues,issues
6933211,Plaskolite South LLC,issues,issues,issues,issues
6989911,Recticel N A  Inc,issues,issues,issues,issues
3701211,Optima Chemical Group L L C,issues,issues,issues,issues
3700511,Kemira Chemicals Inc,issues,issues,issues,issues
2533511,Occidental Chemical Co,issues,issues,issues,issues
3698511,PCCR USA INC,issues,issues,issues,issues
12756711,"AIR LIQUIDE ADVANCED MATERIALS, INC.",issues,issues,issues,issues
752911,"KRATON CHEMICAL, LLC",issues,issues,issues,issues
12771311,"BRENNTAG MID-SOUTH, INC.",issues,issues,issues,issues
591311,"FAR RESEARCH INC (DBA FAR CHEMICAL, INC)",issues,issues,issues,issues
2707411,Purification Techs  Inc,issues,issues,issues,issues
5611311,Penn Spcialty Chemicals  Inc,issues,issues,issues,issues
930211,Hercules Incorporated,issues,issues,issues,issues
9785911,"A.S.A. MFG., INC",issues,issues,issues,issues
12778011,"ILLINOIS TOOL WORKS, INC.",issues,issues,issues,issues
2900711,Aoc L L C  Tennessee Plant,issues,issues,issues,issues
8143811,NYACOL PRODUCTS INCORPORATED,issues,issues,issues,issues
8168511,BORDEN & REMINGTON,issues,issues,issues,issues
6640711,SI GROUP INC.,issues,issues,issues,issues
4974211,PARA CHEM SOUTHERN INC,issues,issues,issues,issues
6655211,Air Products Piedmont,issues,issues,issues,issues
5467711,Nippon Carbide Inds  (Sc),issues,issues,issues,issues
5467011,Solvay Advanced Polymers L L C,issues,issues,issues,issues
7758911,Mycone Dental,issues,issues,issues,issues
2739211,King Inds  Inc,issues,issues,issues,issues
6789811,AC&S INC,issues,issues,issues,issues
6774311,CHEMTURA CORP - NORTH PLANT,issues,issues,issues,issues
6774211,CHEMTURA CORP - SOUTH P LANT,issues,issues,issues,issues
2950911,Omnova Solutions Inc,issues,issues,issues,issues
2950611,Specialty Polymers Inc,issues,issues,issues,issues
2915311,Symrise Inc,issues,issues,issues,issues
3909211,Halocarbon Prods  Corp,issues,issues,issues,issues
5045911,ALLNEX USA INC,issues,issues,issues,issues
2774811,ROYAL ADHESIVES & SEALANTS LLC,issues,issues,issues,issues
2773711,HARCROS CHEMICALS INC,issues,issues,issues,issues
4194111,ERCO WORLDWIDE (USA),issues,issues,issues,issues
2733611,LAWTER INC,issues,issues,issues,issues
7439011,Downstream Chemicals,issues,issues,issues,issues
9692911,Continental Carbonic Products Inc,issues,issues,issues,issues
9358411,Saint-Gobain Niagara Falls,issues,issues,issues,issues
9761411,LG Chemical Industrial Materials Inc,issues,issues,issues,issues
9694311,Praxair Inc,issues,issues,issues,issues
7014011,Peerless Oil  Chemical,issues,issues,issues,issues
15513111,Gulf Caribbean Petroleum Refining,issues,issues,issues,issues
13411411,VICTORIA PLANT,issues,issues,issues,issues
436611,US BORAX INC,issues,issues,issues,issues
5683611,PARAMOUNT PETR CORP,issues,issues,issues,issues
5763911,DELEK TYLER REFINERY,issues,issues,issues,issues
16636311,LA PORTE SMR,issues,issues,issues,issues
8080011,PQ Corp.,issues,issues,issues,issues
8059311,OxyChem - Wichita,issues,issues,issues,issues
8080811,Jayhawk Fine Chemicals Corp.,issues,issues,issues,issues
7927911,Westlake Polymers LLC - Poly I & II Polyethylene Production Plant,issues,issues,issues,issues
8465811,Equistar Chemicals LP - Westlake Facility,issues,issues,issues,issues
7368811,Hexion Inc - Geismar Facility,issues,issues,issues,issues
7354811,ExxonMobil Chemical Co - Baton Rouge Polyolefins Plant,issues,issues,issues,issues
8465311,Rubicon LLC - Geismar Facility,issues,issues,issues,issues
16862611,Praxair Inc - St Charles Plant,issues,issues,issues,issues
3737311,PASADENA PLASTICS COMPLEX,issues,issues,issues,issues
4981111,KANEKA PASADENA SITE,issues,issues,issues,issues
4182511,HOUSTON REFINERY,issues,issues,issues,issues
6445111,LA PORTE PLANT,issues,issues,issues,issues
4982111,MARSHALL PLANT,issues,issues,issues,issues
13399711,WESTLAKE LONGVIEW,issues,issues,issues,issues
4863811,LONGVIEW FACILITY,issues,issues,issues,issues
3967111,TEXAS CITY REFINERY,issues,issues,issues,issues
4030411,CONTINENTAL CARBON SUNRAY PLANT,issues,issues,issues,issues
4031311,CORPUS CHRISTI EAST PLANT,issues,issues,issues,issues
4033811,TEXAS CITY REFINERY,issues,issues,issues,issues
4073511,"TESORO REFINING & MARKETING CO, LLC",issues,issues,issues,issues
4167411,LYONDELLBASELL SYNGAS,issues,issues,issues,issues
4168511,DEER PARK PLANT,issues,issues,issues,issues
4182611,POLYETHYLENE PLANT,issues,issues,issues,issues
4188811,WEST PLANT FACILITY,issues,issues,issues,issues
4196711,KERN OIL & REFINING CO.,issues,issues,issues,issues
4205511,WEST REFINERY,issues,issues,issues,issues
7450611,Galata Chemicals LLC - Taft Facility,issues,issues,issues,issues
7227011,Axiall LLC - Plaquemine Facility,issues,issues,issues,issues
7382111,Arch Chemicals Corp - Lake Charles Plant,issues,issues,issues,issues
7380411,CITGO Petroleum Corp - Lake Charles Manufacturing Complex,issues,issues,issues,issues
8241011,Marathon Petroleum Company LP - Louisiana Refining Division - Garyville Ref,issues,issues,issues,issues
13610611,Shintech Louisiana LLC - Shintech Plaquemine Plant,issues,issues,issues,issues
8467211,ExxonMobil Fuels & Lubricants Co - Baton Rouge Refinery,issues,issues,issues,issues
7226611,ExxonMobil Baton Rouge Chemical Plant,issues,issues,issues,issues
8240011,Alon Refining Krotz Springs Inc,issues,issues,issues,issues
7368711,Honeywell International Inc - Geismar Plant,issues,issues,issues,issues
15087311,REG Geismar LLC,issues,issues,issues,issues
7226511,ExxonMobil Chemical Co - Baton Rouge Resin Finishing Plant,issues,issues,issues,issues
7354711,Formosa Plastics Corp Louisiana,issues,issues,issues,issues
9583011,Shell Catalysts & Technologies LP - Port Allen Plant,issues,issues,issues,issues
8178511,Chevron Products Co - Salt Lake Refinery,issues,issues,issues,issues
5067411,"Big West Oil, LLC- Big West Oil Refinery",issues,issues,issues,issues
7570911,Hexcel Corporation: Salt Lake Operations,issues,issues,issues,issues
7558611,Tesoro Refining & Marketing Company LLC - Salt Lake City Refinery,issues,issues,issues,issues
16168711,COLORADO SALT PRODUCTS - 3900 JOLIET ST,issues,issues,issues,issues
4862411,BEAUMONT REFINERY,issues,issues,issues,issues
4835311,GALVESTON BAY REFINERY,issues,issues,issues,issues
4860811,BEAUMONT FACILITY,issues,issues,issues,issues
4863211,VALERO PORT ARTHUR REFINERY,issues,issues,issues,issues
4924411,BAYTOWN REFINERY,issues,issues,issues,issues
16734311,"AG PROCESSING, INC - ALGONA",issues,issues,issues,issues
5520211,INEOS Oxide - A Division of INEOS Americas LLC,issues,issues,issues,issues
7928911,Westlake Petrochemicals LLC - Poly III,issues,issues,issues,issues
8019111,Cabot Corporation - Canal Plant,issues,issues,issues,issues
15081711,Air Products & Chemicals Inc - Baton Rouge SMR,issues,issues,issues,issues
16633111,Air Products & Chemicals Inc - Luling Hydrogen Plant,issues,issues,issues,issues
8020311,Birla Carbon USA Inc - North Bend Plant,issues,issues,issues,issues
8020411,Chalmette Refining LLC,issues,issues,issues,issues
7355411,Valero Refining - Meraux LLC - Meraux Refinery,issues,issues,issues,issues
13799511,INTEMATIX CORPORATION,issues,issues,issues,issues
6515711,RHODIA INC,issues,issues,issues,issues
6500411,"MATHESON TRI-GAS, INC",issues,issues,issues,issues
13835011,AIR PRODUCTS MANUFACTURING CORPORATION,issues,issues,issues,issues
7354911,Eagle US 2 LLC - Lake Charles Complex,issues,issues,issues,issues
8467311,The Dow Chemical Co - Louisiana Operations,issues,issues,issues,issues
7929511,UOP LLC - UOP Shreveport Plant,issues,issues,issues,issues
7381711,Chemtrade Refinery Services Inc - Shreveport Sulfuric Acid Plant,issues,issues,issues,issues
15083411,Flint Hills Resources Fairmont,issues,issues,issues,issues
7226711,ANGUS Chemical Co,issues,issues,issues,issues
13499611,"AOC, LLC",issues,issues,issues,issues
15853611,CUSTOM MARBLE & ONYX,issues,issues,issues,issues
16440911,Cargill Lactic Acid Plant,issues,issues,issues,issues
4925711,BATTLEGROUND CHLOR-ALKALI PLANT,issues,issues,issues,issues
4778611,GRACE PASADENA CATALYST SITE,issues,issues,issues,issues
4762811,HOUSTON REFINING,issues,issues,issues,issues
4945311,MATAGORDA PLANT,issues,issues,issues,issues
1818511,Par Hawaii Refining - Refinery,issues,issues,issues,issues
947811,"IES Terminal (IES Downstream, LLC)",issues,issues,issues,issues
7228911,UOP LLC - Baton Rouge Plant,issues,issues,issues,issues
8468111,Cabot Corp - Ville Platte Plant,issues,issues,issues,issues
7206411,Placid Refining Co LLC - Placid Refining Co,issues,issues,issues,issues
7449811,Mexichem Fluor Inc - St Gabriel KLEA Plant,issues,issues,issues,issues
16859811,Air Products & Chemicals Inc - SMR Facility,issues,issues,issues,issues
4945411,EAST PLANT REFINERY,issues,issues,issues,issues
5780511,ORANGE PLANT,issues,issues,issues,issues
5680711,ORANGE PLANT,issues,issues,issues,issues
13703511,GREKA REFINING COMPANY,issues,issues,issues,issues
6480811,TESORO REFINING & MARKETING COMPANY LLC,issues,issues,issues,issues
13490211,"AIR LIQUIDE LARGE INDUSTRIES U.S., LP",issues,issues,issues,issues
4898311,SHINTECH FREEPORT PLANT,issues,issues,issues,issues
5655811,BORGER CARBON BLACK PLANT,issues,issues,issues,issues
6671211,PAMPA PLANT,issues,issues,issues,issues
5650711,PORT ARTHUR REFINERY,issues,issues,issues,issues
8003911,TULSA REFINERY EAST,issues,issues,issues,issues
7420411,CARBON BLACK PRODUCTION FACILITY,issues,issues,issues,issues
6846411,BARRICK GOLDSTRIKE OXYGEN PLANT,issues,issues,issues,issues
8467611,Honeywell International Inc - Baton Rouge Plant,issues,issues,issues,issues
5504811,Taminco - St Gabriel Plant,issues,issues,issues,issues
13908411,GRACE,issues,issues,issues,issues
2392111,SHIELD PACKAGING OF CAL INC,issues,issues,issues,issues
865611,CIBA SPECIALTY CHEMICALS CORPORATION,issues,issues,issues,issues
4789411,ALON BAKERSFIELD REFINING,issues,issues,issues,issues
1174211,REICHHOLD LLC 2,issues,issues,issues,issues
1185911,All Pure Chemical Co,issues,issues,issues,issues
6152811,THREE RIVERS REFINERY,issues,issues,issues,issues
7923611,Tesoro Refining & Marketing Company LLC - Mandan Refinery,issues,issues,issues,issues
8025911,St Rose Refinery LLC - St Rose Refinery,issues,issues,issues,issues
7915011,Westlake Vinyls Co LP,issues,issues,issues,issues
5732911,Praxair Inc - Sulphur Facility,issues,issues,issues,issues
8465611,BASF Corp - Geismar Site,issues,issues,issues,issues
7445711,Occidental Chemical Corporation - Geismar Facility,issues,issues,issues,issues
7929011,Calumet Princeton Refining LP - Calumet Princeton Refinery,issues,issues,issues,issues
16629511,NIXON REFINERY,issues,issues,issues,issues
7228511,Cornerstone Chemical Co - Fortier Manufacturing Complex,issues,issues,issues,issues
7124111,PHILLIPS 66 SANTA MARIA FA,issues,issues,issues,issues
8020811,Equilon Enterprises LLC - Shell Oil Products US Norco Refinery,issues,issues,issues,issues
138311,AIR LIQUIDE ELECTRONICS US,issues,issues,issues,issues
4842911,"TRICOR REFINING, LLC",issues,issues,issues,issues
6429011,BAYPORT FACILITY,issues,issues,issues,issues
5728911,MONT BELVIEU PLASTICS PLANT,issues,issues,issues,issues
14055211,"TESORO REFINING AND MARKETING CO, LLC",issues,issues,issues,issues
5505011,TOTAL Petrochemicals & Refining USA Inc - Carville Polystyrene Plant,issues,issues,issues,issues
15748611,AIR LIQUIDE LARGE INDUSTRIES US LP,issues,issues,issues,issues
6710711,American Laboratories Inc,issues,issues,issues,issues
6710611,American Laboratories Inc,issues,issues,issues,issues
16839911,HOLLY ENERGY PARTNERS TULSA,issues,issues,issues,issues
1082811,FUTUREFUEL CHEMICAL COMPANY,issues,issues,issues,issues
7503011,Ascensus Specialty Chemicals LLC,issues,issues,issues,issues
7557611,Genpak Corporation: Polystyrene Foam Production Facility,issues,issues,issues,issues
7206311,Tokai Carbon CB Ltd - Addis Facility,issues,issues,issues,issues
5718211,Indorama Ventures Olefins LLC - Lake Charles Facility,issues,issues,issues,issues
7450811,Pioneer Americas LLC dba Olin Chlor Alkali Products - St Gabriel Facility,issues,issues,issues,issues
5741011,PQ Corporation - Pineville Plant,issues,issues,issues,issues
5609011,Occidental Chemical Corp - Taft Plant,issues,issues,issues,issues
13491411,PLASKOLITE INC,issues,issues,issues,issues
10316411,"PERFORMANCE COMPOSITES, INC",issues,issues,issues,issues
7768911,SIGMA - ALDRICH MFG LLC DEKALB FACILITY,issues,issues,issues,issues
5633411,FORMOSA POINT COMFORT PLANT,issues,issues,issues,issues
15041011,VEOLIA BORDERLAND PLANT,issues,issues,issues,issues
5651711,POLYETHYLENE PLANT,issues,issues,issues,issues
7203711,Phillips 66 Co - Alliance Refinery,issues,issues,issues,issues
10063311,MARBLE PALACE INC,issues,issues,issues,issues
7931011,Shintech Louisiana LLC - Addis Plant A,issues,issues,issues,issues
6110211,ICL SPECIALTY PRODUCTS INC CARONDELET PLANT,issues,issues,issues,issues
16872411,LAB CHOCOLATE BAYOU PLANT,issues,issues,issues,issues
7380811,Bio-Lab Inc,issues,issues,issues,issues
4783711,"Emerald Kalama Chemical, LLC",issues,issues,issues,issues
6476111,MARATHON EL PASO REFINERY,issues,issues,issues,issues
4980911,KURARAY AMERICA EVALBU,issues,issues,issues,issues
4941011,PASADENA REFINING SYSTEM,issues,issues,issues,issues
8417211,GEORGIA-PACIFIC CHEMCALS LLC,issues,issues,issues,issues
7915211,Phillips 66 Co - Lake Charles Refinery,issues,issues,issues,issues
8020211,Occidental Chemical Corporation - Convent Facility,issues,issues,issues,issues
7367511,Air Liquide Large Industries US LP - Geismar,issues,issues,issues,issues
973911,GEORGIA-PACIFIC CHEMICALS LLC,issues,issues,issues,issues
2993911,"ITWC, INC - MALCOM",issues,issues,issues,issues
3507911,Birla Carbon USA,issues,issues,issues,issues
8215111,Eco Services Operations Corp - DE - Sulfuric Acid Plant,issues,issues,issues,issues
8024611,Gramercy Holdings I LLC - Noranda Alumina,issues,issues,issues,issues
8239611,Equilon Enterprises LLC dba Shell Oil Products US - Convent Refinery,issues,issues,issues,issues
5208811,Arclin USA Inc,issues,issues,issues,issues
14668111,Air Products & Chemicals Inc - Geismar 2 - Syngas Separation Unit,issues,issues,issues,issues
16856811,Matheson Gas Anacortes,issues,issues,issues,issues
16637711,SEADRIFT POLYPROPYLENE PLANT,issues,issues,issues,issues
6655511,BAYPORT POLYMERS - HDPE PLANT,issues,issues,issues,issues
4058711,HALDOR TOPSOE,issues,issues,issues,issues
4861611,BORGER REFINERY,issues,issues,issues,issues
10679911,CLEAR LAKE PLANT,issues,issues,issues,issues
9102811,BAYPORT PLANT,issues,issues,issues,issues
17109811,DALLAS GROUP OF AMERICA,issues,issues,issues,issues
2999811,PETROLEUM REFINERY,issues,issues,issues,issues
6510311,PASADENA FACILITY,issues,issues,issues,issues
5649411,BIG SPRING CARBON BLACK PLANT,issues,issues,issues,issues
4166911,BAYPORT POLYMERS,issues,issues,issues,issues
6497311,HDPE UNIT VICTORIA PLANT,issues,issues,issues,issues
4926411,PASADENA PVC PLANT,issues,issues,issues,issues
13763111,"AIRGAS USA, LLC",issues,issues,issues,issues
4982011,HEXION DEER PARK,issues,issues,issues,issues
5219011,BUCKMAN LABORATORIES INC CADET,issues,issues,issues,issues
7914911,Veolia North America Regeneration Services LLC - Veolia Burnside Plant,issues,issues,issues,issues
1025911,Petro Star Valdez Refinery,issues,issues,issues,issues
13382111,TOTAL CRAY VALLEY BEAUMONT,issues,issues,issues,issues
4787811,HollyFrontier Cheyenne Refinery,issues,issues,issues,issues
4863111,PORT ARTHUR REFINERY,issues,issues,issues,issues
4863711,BORGER CARBON BLACK PLT,issues,issues,issues,issues
4865011,Newcastle Refinery,issues,issues,issues,issues
4954911,Casper Refinery,issues,issues,issues,issues
4957911,TESORO NORTHWEST COMPANY,issues,issues,issues,issues
4958311,PHILLIPS 66 Ferndale Refinery,issues,issues,issues,issues
5651911,BIG SPRING REFINERY,issues,issues,issues,issues
5730911,ORANGE CARBON BLACK PLANT,issues,issues,issues,issues
6500811,ULTRAMAR INC,issues,issues,issues,issues
6512311,Sinclair Refinery,issues,issues,issues,issues
6598211,FREEPORT HYCO PLANT,issues,issues,issues,issues
6616311,LA PORTE FACILITY,issues,issues,issues,issues
67011,ECO SERVICES OPERATIONS CORP.,issues,issues,issues,issues
6734411,Compass Minerals Ogden Inc. - Production Plant,issues,issues,issues,issues
6051911,Air Products & Chemicals Inc - New Orleans Facility,issues,issues,issues,issues
13871011,PACIFIC ETHANOL MADERA LLC,issues,issues,issues,issues
6501911,ENGINEERED POLYMER SOLUTIONS INC,issues,issues,issues,issues
7286211,REICHHOLD LLC 2 VALLEY PARK,issues,issues,issues,issues
8536411,PRYOR RESIN MFG FACLTY,issues,issues,issues,issues
7394511,Georgia-Pacific Chemicals LLC,issues,issues,issues,issues
8361011,Calcasieu Refining Co - Lake Charles Crude Oil Refinery,issues,issues,issues,issues
6520011,PAMPA DEVELOPMENT & MANUFACTURING CENTER,issues,issues,issues,issues
16865611,PRAXAIR PORT ARTHUR PLANT,issues,issues,issues,issues
1099711,ALMATIS INC-BAUXITE,issues,issues,issues,issues
12730911,North Pole Refinery,issues,issues,issues,issues
13408011,PRAXAIR PORT ARTHUR HYDROGEN FACILITY,issues,issues,issues,issues
4981011,DEER PARK PVC CAUSTIC PLANT HOUSTON,issues,issues,issues,issues
4985411,US Oil & Refining Co,issues,issues,issues,issues
5001611,SHELL PUGET SOUND REFINERY,issues,issues,issues,issues
5018711,SWEENY REFINERY PETROCHEM,issues,issues,issues,issues
5128911,HAWKINS NITROGEN FACILITY,issues,issues,issues,issues
5286911,EVONIK STOCKHAUSEN LLC,issues,issues,issues,issues
6158311,PORT NECHES ASU COGEN PLANT,issues,issues,issues,issues
6423111,POLYPROPYLENE PLANT,issues,issues,issues,issues
7205611,Orion Engineered Carbons LLC - Ivanhoe Carbon Black Plant,issues,issues,issues,issues
7214611,SOLVAY CHEMICALS INC,issues,issues,issues,issues
7229311,ExxonMobil Chemical Co - Baton Rouge Plastics Plant,issues,issues,issues,issues
80011,"AIR PRODUCTS & CHEMICALS, INC",issues,issues,issues,issues
8026211,Shell Chemical LP - Norco West Site Facility,issues,issues,issues,issues
8402711,TULSA REFINERY WEST,issues,issues,issues,issues
993411,GREAT LAKES CHEMICAL CORP - SOUTH PLANT,issues,issues,issues,issues
8179311,EAGLE SPRINGS REFINERY,issues,issues,issues,issues
12846311,PRAXAIR INC,issues,issues,issues,issues
13816411,AIR LIQUIDE INC,issues,issues,issues,issues
14027511,"TESORO REFINING AND MARKETING CO, LLC",issues,issues,issues,issues
3136911,"PREPRODUCTION PLASTICS, INC",issues,issues,issues,issues
15622111,Air Liquide,issues,issues,issues,issues
15635811,BRASKEM AMERICA,issues,issues,issues,issues
15596511,ZW Tech/Brooks Grease Service,issues,issues,issues,issues
9144811,LA PORTE PLANT,issues,issues,issues,issues
13614411,Kemira Chemicals Inc,issues,issues,issues,issues
15086811,Arkema Inc - Arkema Emulsion Systems,issues,issues,issues,issues
16965911,Air Products & Chemicals Inc - Norco Hydrogen Plant,issues,issues,issues,issues
16966011,Methanex USA Services LLC - Geismar Methanol Plant,issues,issues,issues,issues
16972411,Solvay USA Inc - Solvay Baton Rouge Site - Aroma Performance Facility,issues,issues,issues,issues
10734411,ALLEN INDUSTRIES LLC,issues,issues,issues,issues
365011,LAS PALMAS OIL & DEHYDRATION,issues,issues,issues,issues
15699011,SAK CONSTRUCTION LLC,issues,issues,issues,issues
4921911,THE PROCTER & GAMBLE MFG CO,issues,issues,issues,issues
10296811,ALON BAKERSFIELD REFINING,issues,issues,issues,issues
7367211,BASF Corp - North Geismar Site,issues,issues,issues,issues
7622211,POLYNT COMPOSITES USA INC NORTH KANSAS CITY,issues,issues,issues,issues
16936311,REDNECK OUTDOOR PRODUCTS,issues,issues,issues,issues
14272711,ROHM AND HAAS CHEMICALS LLC,issues,issues,issues,issues
8079911,ONEOK Hydrocarbon - McPherson Butane Isom.,issues,issues,issues,issues
6536411,NOLTEX LA PORTE EVOH PLANT,issues,issues,issues,issues
1517011,"PRAXAIR, INC",issues,issues,issues,issues
3411911,Henry Co  Dba Resin Tech  Co,issues,issues,issues,issues
8204011,Willbridge Asphalt Refinery,issues,issues,issues,issues
8199811,Amerchol Corp,issues,issues,issues,issues
12807511,MONSANTO COMPANY - MUSCATINE 3670,issues,issues,issues,issues
6586411,Atmi Inc,issues,issues,issues,issues
8418211,Portland Operations,issues,issues,issues,issues
17056911,ENDURO COMPOSITES INC-HOUSTON CENTRAL GREEN FACILITY,issues,issues,issues,issues
17077011,"TETRA Technologies, Inc.",issues,issues,issues,issues
2050311,"SUNPOL RESINS & POLYMERS, INC",issues,issues,issues,issues
14035811,POLY ONE CORPORATION,issues,issues,issues,issues
10234011,INEOS  POLYPROPYLENE LLC,issues,issues,issues,issues
14747811,POLYNT COMPOSITES USA - HOUSTON,issues,issues,issues,issues
15594111,McShares,issues,issues,issues,issues
4778711,HOUSTON PLANT,issues,issues,issues,issues
17056511,AIR PRODUCTS LLC,issues,issues,issues,issues
299911,BASF CORPORATION,issues,issues,issues,issues
15758411,"K2 PURE SOLUTIONS NOCAL, LP",issues,issues,issues,issues
6733211,NatureWorks LLC,issues,issues,issues,issues
5286711,Pinnacle Polymers LLC - Polypropylene Manufacturing Plant,issues,issues,issues,issues
5796511,PRAXAIR INC,issues,issues,issues,issues
10240011,"PRAXAIR, INC.",issues,issues,issues,issues
5160011,Albemarle Corp - Process Development Center,issues,issues,issues,issues
17186711,"TENCATE ADVANCED COMPOSITES, INC",issues,issues,issues,issues
14394511,CAMERON,issues,issues,issues,issues
1148711,"MATHESON TRI-GAS, INC. (WAS 013/0347)",issues,issues,issues,issues
17905611,Virdia B2X LLC - Raceland Plant,issues,issues,issues,issues
17905711,Lotte Chemical Louisiana LLC,issues,issues,issues,issues
17652411,Valero Partners LA LLC - St Charles Terminal,issues,issues,issues,issues
17640911,Blue Cube Operations LLC,issues,issues,issues,issues
17914611,Valero Partners Meraux LLC Tank Farm,issues,issues,issues,issues
5633211,CHOCOLATE BAYOU POLYMERS,issues,issues,issues,issues
5041611,PQ CORPORATION,issues,issues,issues,issues
17436811,"LAYNE INLINER, LLC",issues,issues,issues,issues
12682311,Par Hawaii Refining -  Barbers Point Marine Loading,issues,issues,issues,issues
7758411,WINNEMUCCA PLANT,issues,issues,issues,issues
17735911,CORPUS CHRISTI FACILITY,issues,issues,issues,issues
5682811,INTERPLASTIC CORP,issues,issues,issues,issues
7284711,MONTANA SULPHUR & CHEMICAL,issues,issues,issues,issues
17624411,SE Tylose USA Inc & Its Affilates - Plaquemine Plant,issues,issues,issues,issues
17968811,Specialty Minerals Inc,issues,issues,issues,issues
17411911,Bairoil - CO2 Recovery Plant,issues,issues,issues,issues
17487411,"ECODYNAMICS, INC.",issues,issues,issues,issues
12807611,MONSANTO COMPANY - MUSCATINE 6908,issues,issues,issues,issues
17986811,LACC LLC US - Ethylene & Derivatives Plant,issues,issues,issues,issues
4056611,SOLVAY INTEROX,issues,issues,issues,issues
17986911,Garyville Refining Logistics LLC,issues,issues,issues,issues
18708711,PHILLIPS 66 - FORMER ORIENTAL REFINERY,issues,issues,issues,issues
17112011,PVA PLANT,issues,issues,issues,issues
17922111,TORRANCE REFINING COMPANY LLC,issues,issues,issues,issues
4167711,BAYTOWN PLANT,issues,issues,issues,issues
17991811,IACX Energy - PEAK Facility,issues,issues,issues,issues
18716711,HEXCEL CORPORATION,issues,issues,issues,issues
18322511,BAKED INDUSTRIES,issues,issues,issues,issues
946011,Praxair Inc - Kingman Facility,issues,issues,issues,issues
6510111,PASADENA PLANT,issues,issues,issues,issues
17882111,Eagle US 2 LLC,issues,issues,issues,issues
18774411,OMEGA EXTRUDING CORP OF CA,issues,issues,issues,issues
17277011,"PRECURSOR ENERGETICS,INC",issues,issues,issues,issues
17282111,NANOSYS INCS,issues,issues,issues,issues
2942211,"PRAXAIR, INC",issues,issues,issues,issues
18203011,AIRGAS USA,issues,issues,issues,issues
5341811,PQ CORPORATION -THE,issues,issues,issues,issues
18205411,SOLEXIR TECHNOLOGY CORP,issues,issues,issues,issues
18702311,"TESORO LOGISTICS, CARSON  CRUDE TERMINAL",issues,issues,issues,issues
17369611,"AMERICAN BIODIESEL, INC DBA COMM. FUELS",issues,issues,issues,issues
17735811,CHEMOURS LA PORTE PLANT,issues,issues,issues,issues
16482211,Town of Sinclair Remediation Project,issues,issues,issues,issues
4101311,ASHLAND SPECIALTY CHEMICAL COMPANY,issues,issues,issues,issues
6673711,CARLIN SODIUM CYANIDE TERMINAL,issues,issues,issues,issues
2247111,Air Liquide America L P,issues,issues,issues,issues
18214411,"ICL PERFORMANCE PRODUCTS, LP",issues,issues,issues,issues
7766711,AMERICAN CHEMET,issues,issues,issues,issues
7721511,Arizona Environmental Container Corp,issues,issues,issues,issues
17396411,CALGREN RENEWABLE FUELS,issues,issues,issues,issues
7302511,HEXION INC,issues,issues,issues,issues
9083011,CHEMTRADE,issues,issues,issues,issues
4058511,GREENS BAYOU PLANT,issues,issues,issues,issues
5863311,HALAR TERPOLYMER POWDER,issues,issues,issues,issues
5631411,LUFKIN RESIN PLANT,issues,issues,issues,issues
4161711,OCCIDENTAL CHEMICAL DALLAS,issues,issues,issues,issues
266011,Airgas Dry Ice,issues,issues,issues,issues
265911,LINDE LLC RICHMOND CA,issues,issues,issues,issues
262111,Ashland Specialty Chemical Co,issues,issues,issues,issues
7679911,ELEMENTIS CHROMIUM CORPUS CHRIST TX FACILITY,issues,issues,issues,issues
211311,Ashland Specialty Chemical Co,issues,issues,issues,issues
672011,FABRICATED EXTRUSION COMPANY,issues,issues,issues,issues
5640011,Union Carbide Norco Catalyst Plant,issues,issues,issues,issues
5770711,Hexion Specialty Chemicals Inc - Adhesive & Resin Division,issues,issues,issues,issues
5543011,Complex Chemicals Co  Inc,issues,issues,issues,issues
6129611,Ondeo Nalco Energy Services Scott Blend Plant,issues,issues,issues,issues
3587711,REYNOLDS POLYMER TECHNOLOGY INC,issues,issues,issues,issues
4827611,Chemtrade Phosphorus Specialties,issues,issues,issues,issues
280411,SIERRA ENGINEERING,issues,issues,issues,issues
4833411,Rohm And Haas Co Polymers & Re,issues,issues,issues,issues
6426311,CertainTeed Products Corp,issues,issues,issues,issues
3779911,"AJINOMOTO FOOD INGREDIENTS, LLC",issues,issues,issues,issues
3941211,DANISCO US INC,issues,issues,issues,issues
658611,Borden Chemical Inc,issues,issues,issues,issues
7502811,Moses Lake Inds  Inc,issues,issues,issues,issues
899011,"KMG ELECTRONIC CHEMICALS, INC",issues,issues,issues,issues
1818411,"Marine Mooring (IES Downstream, LLC)",issues,issues,issues,issues
6690211,Pioneer Americas LLC,issues,issues,issues,issues
6690111,Tronox LLC,issues,issues,issues,issues
2331811,KMG ELECTRONIC CHEMICALS INC,issues,issues,issues,issues
6718711,Loveland Products Inc,issues,issues,issues,issues
12831711,Chemtrade Solutions LLC-Denver,issues,issues,issues,issues
5041511,Eastman Chemical Company,issues,issues,issues,issues
2121711,Plaskolite West Inc,issues,issues,issues,issues
915211,SPECIALTY GAS MFG PLT,issues,issues,issues,issues
6782411,Pacific Epoxy Polymers Inc,issues,issues,issues,issues
6978011,Evansville Plant,issues,issues,issues,issues
1078011,Specialty Polymers Inc,issues,issues,issues,issues
972111,Arclin USA Inc,issues,issues,issues,issues
972011,"Hexion Speciality Chemicals, Inc",issues,issues,issues,issues
10396611,INTEGRO INC,issues,issues,issues,issues
2997211,Borden Chemical Inc,issues,issues,issues,issues
6139911,Cook Composites & Polymers Co,issues,issues,issues,issues
6696511,SEPTON BUSINESS UNIT,issues,issues,issues,issues
6696311,Nissan Chemical Houston Corp,issues,issues,issues,issues
7585311,FORT WORTH FERRO ORGANIC SPECIALTIES DIV,issues,issues,issues,issues
9095511,POLYNT COMPOSITES USA - ENNIS,issues,issues,issues,issues
6679611,Syntech Chemicals Inc,issues,issues,issues,issues
7679411,Corsicana Techs  Inc,issues,issues,issues,issues
4056111,REICHHOLD REACTIVE POLYMERS DIVISION HOUSTON PLANT,issues,issues,issues,issues
10281011,KERN OIL & REFINING COMPANY,issues,issues,issues,issues
10520111,PRAXAIR DISTRIBUTION INC,issues,issues,issues,issues
10486511,FERROTEC (USA) CORP - TEMESCAL DIVISION,issues,issues,issues,issues
9131511,Metton America Inc.,issues,issues,issues,issues
9182611,Shin-Etsu Silicones Of America  Inc.,issues,issues,issues,issues
10607211,Tetra Chemicals,issues,issues,issues,issues
10389711,FAENCAL TARTARIC PRODUCTS INC,issues,issues,issues,issues
9925711,MATHESON TRIGAS,issues,issues,issues,issues
5808111,Chemicals Inc,issues,issues,issues,issues
6364511,Sachem Inc,issues,issues,issues,issues
6693611,SSI CHUSEI INC,issues,issues,issues,issues
6693511,Nova Molecular Techs  Inc,issues,issues,issues,issues
6693211,Dianal America Inc,issues,issues,issues,issues
6674911,GENERAL CHEMICAL,issues,issues,issues,issues
4589411,Union Carbide Corp  Garland Latex Plant,issues,issues,issues,issues
issues,issues,110002899908.0,CHEVRON REFINERY,11161011,NEI
issues,issues,110041133163.0,BAYWAY REFINERY,12323111,NEI
issues,issues,110000481684.0,SAN JOAQUIN REFINING COMPANY,4195511,NEI
issues,issues,110001148598.0,Delaware City Refinery,588311,NEI
issues,issues,110040620600.0,Ergon Refining Inc,6284911,NEI
issues,issues,110000374087.0,"Valero Refining Co. (Prev. Premcor Refining, Prev. Williams Refining Llc)",7156111,NEI
issues,issues,110000398338.0,"BP PRODUCTS NORTH AMERICA INC, WHITING R",7247711,NEI
issues,issues,110002321381.0,PRAXAIR INC,7250911,NEI
issues,issues,110000472630.0,Navajo Refining - Artesia Refinery,7399911,NEI
issues,issues,110027373045.0,ASCEND PERFORMANCE MATERIALS OPERATIONS,751411,NEI
issues,issues,110000437974.0,Degussa/Goldschmidt Chemical,7940111,NEI
issues,issues,110000377477.0,"Chevron Products Company, Pascagoula Refinery",8384311,NEI
issues,issues,110017419667.0,LION OIL COMPANY,993611,NEI
issues,issues,110000398338.0,BP Products North America Whiting Busin,3988711,NEI
issues,issues,110000398338.0,BP Products North America Inc Hammond,3984911,NEI
issues,issues,110000476235.0,CONOCOPHILLIPS COMPANY,63711,NEI
issues,issues,110015682830.0,PONCA CITY PIPELINE ACTIVITIES,10722511,NEI
issues,issues,110033145353.0,"NUSTAR LOGISTICS, L P",13843011,NEI
